{"cameraMode":{"drawMode":0,"name":"Shaded","section":"Shading Mode"},"sceneLighting":false,"audioPlay":false,"sceneViewState":{"showFog":true,"showMaterialUpdate":false,"showSkybox":false,"showFlares":true,"showImageEffects":true,"showParticleSystems":true},"in2DMode":false,"pivot":{"x":115.72529602050781,"y":7.697269916534424,"z":-91.62752532958985},"rotation":{"x":0.26321494579315188,"y":0.4179902970790863,"z":-0.12792415916919709,"w":0.8600296378135681},"size":45.59375762939453,"orthographic":true}