{"cameraMode":{"drawMode":0,"name":"Shaded","section":"Shading Mode"},"sceneLighting":false,"audioPlay":false,"sceneViewState":{"showFog":true,"showMaterialUpdate":false,"showSkybox":false,"showFlares":true,"showImageEffects":true,"showParticleSystems":true},"in2DMode":false,"pivot":{"x":123.21795654296875,"y":3.7159366607666017,"z":-101.62288665771485},"rotation":{"x":0.452518105506897,"y":0.44291752576828005,"z":-0.2773790657520294,"w":0.7225818037986755},"size":31.936594009399415,"orthographic":true}