{"cameraMode":{"drawMode":0,"name":"Shaded","section":"Shading Mode"},"sceneLighting":false,"audioPlay":false,"sceneViewState":{"showFog":true,"showMaterialUpdate":false,"showSkybox":false,"showFlares":true,"showImageEffects":true,"showParticleSystems":true},"in2DMode":false,"pivot":{"x":-46.80509948730469,"y":1.4867019653320313,"z":58.081336975097659},"rotation":{"x":0.3191666305065155,"y":0.059681426733732226,"z":-0.020070256665349008,"w":0.9456555247306824},"size":30.252605438232423,"orthographic":true}