{"cameraMode":{"drawMode":0,"name":"Shaded","section":"Shading Mode"},"sceneLighting":false,"audioPlay":false,"sceneViewState":{"showFog":true,"showMaterialUpdate":false,"showSkybox":false,"showFlares":true,"showImageEffects":true,"showParticleSystems":true},"in2DMode":false,"pivot":{"x":40.1334342956543,"y":25.805530548095704,"z":-10.214534759521485},"rotation":{"x":0.28955379128456118,"y":-0.3546163737773895,"z":0.1165328100323677,"w":0.8814781308174133},"size":102.4361343383789,"orthographic":true}