{"cameraMode":{"drawMode":0,"name":"Shaded","section":"Shading Mode"},"sceneLighting":false,"audioPlay":false,"sceneViewState":{"showFog":true,"showMaterialUpdate":false,"showSkybox":false,"showFlares":true,"showImageEffects":true,"showParticleSystems":true},"in2DMode":false,"pivot":{"x":121.9249496459961,"y":3.1422109603881838,"z":-84.21630096435547},"rotation":{"x":0.0645633414387703,"y":-0.9345241785049439,"z":0.2251298427581787,"w":0.26801466941833498},"size":41.8651237487793,"orthographic":true}