{"cameraMode":{"drawMode":0,"name":"Shaded","section":"Shading Mode"},"sceneLighting":false,"audioPlay":false,"sceneViewState":{"showFog":true,"showMaterialUpdate":false,"showSkybox":false,"showFlares":true,"showImageEffects":true,"showParticleSystems":true},"in2DMode":false,"pivot":{"x":-2.4475791454315187,"y":0.34407326579093935,"z":-11.0694580078125},"rotation":{"x":0.24378161132335664,"y":0.7034608125686646,"z":-0.2837553918361664,"w":0.6043992042541504},"size":0.9170795679092407,"orthographic":true}