{"cameraMode":{"drawMode":0,"name":"Shaded","section":"Shading Mode"},"sceneLighting":false,"audioPlay":false,"sceneViewState":{"showFog":true,"showMaterialUpdate":false,"showSkybox":false,"showFlares":true,"showImageEffects":true,"showParticleSystems":true},"in2DMode":false,"pivot":{"x":26.388900756835939,"y":18.869386672973634,"z":-11.280912399291993},"rotation":{"x":0.44014590978622439,"y":0.09264934062957764,"z":-0.04571846127510071,"w":0.8919677734375},"size":12.290048599243164,"orthographic":true}