{"cameraMode":{"drawMode":0,"name":"Shaded","section":"Shading Mode"},"sceneLighting":false,"audioPlay":false,"sceneViewState":{"showFog":true,"showMaterialUpdate":false,"showSkybox":false,"showFlares":true,"showImageEffects":true,"showParticleSystems":true},"in2DMode":false,"pivot":{"x":-29.327980041503908,"y":1.9800727367401124,"z":20.03815269470215},"rotation":{"x":0.28437408804893496,"y":0.47225216031074526,"z":-0.16407307982444764,"w":0.8180991411209106},"size":19.69226837158203,"orthographic":true}