{"cameraMode":{"drawMode":0,"name":"Shaded","section":"Shading Mode"},"sceneLighting":false,"audioPlay":false,"sceneViewState":{"showFog":true,"showMaterialUpdate":false,"showSkybox":false,"showFlares":true,"showImageEffects":true,"showParticleSystems":true},"in2DMode":false,"pivot":{"x":-26.532732009887697,"y":16.27075958251953,"z":182.36924743652345},"rotation":{"x":0.40008366107940676,"y":0.09598487615585327,"z":-0.0421130508184433,"w":0.9105201959609985},"size":72.52265930175781,"orthographic":true}