{"cameraMode":{"drawMode":0,"name":"Shaded","section":"Shading Mode"},"sceneLighting":false,"audioPlay":false,"sceneViewState":{"showFog":true,"showMaterialUpdate":false,"showSkybox":false,"showFlares":true,"showImageEffects":true,"showParticleSystems":true},"in2DMode":false,"pivot":{"x":-0.7888901233673096,"y":6.944064140319824,"z":4.76837158203125e-7},"rotation":{"x":0.27232247591018679,"y":0.33438441157341006,"z":-0.10156723111867905,"w":0.8965136408805847},"size":31.497358322143556,"orthographic":true}