{"cameraMode":{"drawMode":0,"name":"Shaded","section":"Shading Mode"},"sceneLighting":false,"audioPlay":false,"sceneViewState":{"showFog":true,"showMaterialUpdate":false,"showSkybox":false,"showFlares":true,"showImageEffects":true,"showParticleSystems":true},"in2DMode":false,"pivot":{"x":41.33256912231445,"y":1.9933552742004395,"z":-107.24855041503906},"rotation":{"x":0.27581098675727847,"y":0.05475253611803055,"z":-0.01573704555630684,"w":0.9595298767089844},"size":9.188752174377442,"orthographic":true}