{"cameraMode":{"drawMode":0,"name":"Shaded","section":"Shading Mode"},"sceneLighting":false,"audioPlay":false,"sceneViewState":{"showFog":true,"showMaterialUpdate":false,"showSkybox":false,"showFlares":true,"showImageEffects":true,"showParticleSystems":true},"in2DMode":false,"pivot":{"x":5.861328125,"y":3.5498046875,"z":-56.224609375},"rotation":{"x":0.21353161334991456,"y":0.17993761599063874,"z":-0.040046438574790958,"w":0.9593935608863831},"size":19.437847137451173,"orthographic":true}