{"cameraMode":{"drawMode":0,"name":"Shaded","section":"Shading Mode"},"sceneLighting":false,"audioPlay":false,"sceneViewState":{"showFog":true,"showMaterialUpdate":false,"showSkybox":false,"showFlares":true,"showImageEffects":true,"showParticleSystems":true},"in2DMode":false,"pivot":{"x":-85.0199966430664,"y":8.688667297363282,"z":-84.1500015258789},"rotation":{"x":0.12138636410236359,"y":-0.7397196292877197,"z":0.13873592019081117,"w":0.6472107768058777},"size":35.034996032714847,"orthographic":true}