{"cameraMode":{"drawMode":0,"name":"Shaded","section":"Shading Mode"},"sceneLighting":false,"audioPlay":false,"sceneViewState":{"showFog":true,"showMaterialUpdate":false,"showSkybox":false,"showFlares":true,"showImageEffects":true,"showParticleSystems":true},"in2DMode":false,"pivot":{"x":-128.7550811767578,"y":4.985837936401367,"z":158.92015075683595},"rotation":{"x":0.31678149104118349,"y":-0.031274277716875079,"z":0.010504021309316159,"w":0.9479851126670837},"size":61.777137756347659,"orthographic":true}