{"cameraMode":{"drawMode":0,"name":"Shaded","section":"Shading Mode"},"sceneLighting":false,"audioPlay":false,"sceneViewState":{"showFog":true,"showMaterialUpdate":false,"showSkybox":false,"showFlares":true,"showImageEffects":true,"showParticleSystems":true},"in2DMode":false,"pivot":{"x":28.9818172454834,"y":4.831508636474609,"z":-46.03802490234375},"rotation":{"x":0.23327568173408509,"y":0.6073552370071411,"z":-0.19287267327308656,"w":0.7345364093780518},"size":15.269949913024903,"orthographic":true}