{"cameraMode":{"drawMode":0,"name":"Shaded","section":"Shading Mode"},"sceneLighting":false,"audioPlay":false,"sceneViewState":{"showFog":true,"showMaterialUpdate":false,"showSkybox":false,"showFlares":true,"showImageEffects":true,"showParticleSystems":true},"in2DMode":false,"pivot":{"x":5.269998550415039,"y":5.208002090454102,"z":-54.779998779296878},"rotation":{"x":0.15091213583946229,"y":-0.010973608121275902,"z":0.0016760674770921469,"w":0.9884912967681885},"size":57.389156341552737,"orthographic":true}