{"cameraMode":{"drawMode":0,"name":"Shaded","section":"Shading Mode"},"sceneLighting":false,"audioPlay":false,"sceneViewState":{"showFog":true,"showMaterialUpdate":false,"showSkybox":false,"showFlares":true,"showImageEffects":true,"showParticleSystems":true},"in2DMode":false,"pivot":{"x":-7.22868013381958,"y":0.8398831486701965,"z":-40.42905807495117},"rotation":{"x":0.11132977902889252,"y":0.6042114496231079,"z":-0.08576302230358124,"w":0.7843337655067444},"size":3.7551960945129396,"orthographic":true}