{"cameraMode":{"drawMode":0,"name":"Shaded","section":"Shading Mode"},"sceneLighting":false,"audioPlay":false,"sceneViewState":{"showFog":true,"showMaterialUpdate":false,"showSkybox":false,"showFlares":true,"showImageEffects":true,"showParticleSystems":true},"in2DMode":false,"pivot":{"x":24.571136474609376,"y":22.739990234375,"z":-13.443359375},"rotation":{"x":0.012630205601453781,"y":-0.9872244596481323,"z":0.12054138630628586,"w":0.10344062000513077},"size":6.909594535827637,"orthographic":true}