{"cameraMode":{"drawMode":0,"name":"Shaded","section":"Shading Mode"},"sceneLighting":false,"audioPlay":false,"sceneViewState":{"showFog":true,"showMaterialUpdate":false,"showSkybox":false,"showFlares":true,"showImageEffects":true,"showParticleSystems":true},"in2DMode":false,"pivot":{"x":-184.02407836914063,"y":10.86794662475586,"z":-142.57928466796876},"rotation":{"x":0.3211759328842163,"y":0.015651552006602289,"z":-0.005237778183072805,"w":0.9469285607337952},"size":42.327491760253909,"orthographic":true}