{"cameraMode":{"drawMode":0,"name":"Shaded","section":"Shading Mode"},"sceneLighting":false,"audioPlay":false,"sceneViewState":{"showFog":true,"showMaterialUpdate":false,"showSkybox":false,"showFlares":true,"showImageEffects":true,"showParticleSystems":true},"in2DMode":false,"pivot":{"x":46.298892974853519,"y":1.1249175071716309,"z":66.4604721069336},"rotation":{"x":0.25935637950897219,"y":0.10696009546518326,"z":-0.02884618379175663,"w":0.9594573378562927},"size":18.051902770996095,"orthographic":true}