{"cameraMode":{"drawMode":0,"name":"Shaded","section":"Shading Mode"},"sceneLighting":false,"audioPlay":false,"sceneViewState":{"showFog":true,"showMaterialUpdate":false,"showSkybox":false,"showFlares":true,"showImageEffects":true,"showParticleSystems":true},"in2DMode":false,"pivot":{"x":-47.306175231933597,"y":1.3907191753387452,"z":19.718856811523439},"rotation":{"x":0.15757915377616883,"y":0.6086825132369995,"z":-0.12497133761644364,"w":0.7675033211708069},"size":19.304405212402345,"orthographic":true}