{"cameraMode":{"drawMode":0,"name":"Shaded","section":"Shading Mode"},"sceneLighting":false,"audioPlay":false,"sceneViewState":{"showFog":true,"showMaterialUpdate":false,"showSkybox":false,"showFlares":true,"showImageEffects":true,"showParticleSystems":true},"in2DMode":false,"pivot":{"x":-0.16141051054000855,"y":1.047921895980835,"z":0.0004191398620605469},"rotation":{"x":-0.18540090322494508,"y":0.15899266302585603,"z":-0.030464669689536096,"w":-0.9692919254302979},"size":7.261242866516113,"orthographic":true}