{"cameraMode":{"drawMode":0,"name":"Shaded","section":"Shading Mode"},"sceneLighting":false,"audioPlay":false,"sceneViewState":{"showFog":true,"showMaterialUpdate":false,"showSkybox":false,"showFlares":true,"showImageEffects":true,"showParticleSystems":true},"in2DMode":false,"pivot":{"x":-141.0,"y":7.68015718460083,"z":-94.14977264404297},"rotation":{"x":0.023646125569939615,"y":-0.44424402713775637,"z":0.011728708632290364,"w":0.8955249190330505},"size":25.918598175048829,"orthographic":true}