{"cameraMode":{"drawMode":0,"name":"Shaded","section":"Shading Mode"},"sceneLighting":false,"audioPlay":false,"sceneViewState":{"showFog":true,"showMaterialUpdate":false,"showSkybox":false,"showFlares":true,"showImageEffects":true,"showParticleSystems":true},"in2DMode":false,"pivot":{"x":-141.5889434814453,"y":2.6410202980041506,"z":-178.28067016601563},"rotation":{"x":0.31544339656829836,"y":0.47585079073905947,"z":-0.18779794871807099,"w":0.7992637753486633},"size":41.48537063598633,"orthographic":true}