{"cameraMode":{"drawMode":0,"name":"Shaded","section":"Shading Mode"},"sceneLighting":false,"audioPlay":false,"sceneViewState":{"showFog":true,"showMaterialUpdate":false,"showSkybox":false,"showFlares":true,"showImageEffects":true,"showParticleSystems":true},"in2DMode":false,"pivot":{"x":-60.342308044433597,"y":2.668099880218506,"z":117.85938262939453},"rotation":{"x":0.14796225726604463,"y":0.6022782325744629,"z":-0.11482269316911698,"w":0.7760240435600281},"size":19.133068084716798,"orthographic":true}