{"cameraMode":{"drawMode":0,"name":"Shaded","section":"Shading Mode"},"sceneLighting":false,"audioPlay":false,"sceneViewState":{"showFog":true,"showMaterialUpdate":false,"showSkybox":false,"showFlares":true,"showImageEffects":true,"showParticleSystems":true},"in2DMode":false,"pivot":{"x":-27.190811157226564,"y":2.5073697566986086,"z":-9.664377212524414},"rotation":{"x":0.3399423658847809,"y":-0.18368524312973023,"z":0.06788690388202667,"w":0.9198400974273682},"size":23.048742294311525,"orthographic":true}