{"cameraMode":{"drawMode":0,"name":"Shaded","section":"Shading Mode"},"sceneLighting":false,"audioPlay":false,"sceneViewState":{"showFog":true,"showMaterialUpdate":false,"showSkybox":false,"showFlares":true,"showImageEffects":true,"showParticleSystems":true},"in2DMode":false,"pivot":{"x":184.06588745117188,"y":3.1645169258117677,"z":-160.0},"rotation":{"x":0.27665090560913088,"y":0.3536832332611084,"z":-0.1103120818734169,"w":0.8867679238319397},"size":41.94689178466797,"orthographic":true}