{"cameraMode":{"drawMode":0,"name":"Shaded","section":"Shading Mode"},"sceneLighting":false,"audioPlay":false,"sceneViewState":{"showFog":true,"showMaterialUpdate":false,"showSkybox":false,"showFlares":true,"showImageEffects":true,"showParticleSystems":true},"in2DMode":false,"pivot":{"x":68.69999694824219,"y":6.849536895751953,"z":-22.0},"rotation":{"x":0.17641454935073853,"y":0.30862703919410708,"z":-0.058355122804641727,"w":0.9328708052635193},"size":23.6652889251709,"orthographic":true}