{"cameraMode":{"drawMode":0,"name":"Shaded","section":"Shading Mode"},"sceneLighting":false,"audioPlay":false,"sceneViewState":{"showFog":true,"showMaterialUpdate":false,"showSkybox":false,"showFlares":true,"showImageEffects":true,"showParticleSystems":true},"in2DMode":false,"pivot":{"x":51.61148452758789,"y":27.62649917602539,"z":-51.08611297607422},"rotation":{"x":0.38565295934677126,"y":0.020784543827176095,"z":-0.008627180010080338,"w":0.9224236607551575},"size":100.00309753417969,"orthographic":true}