{"cameraMode":{"drawMode":0,"name":"Shaded","section":"Shading Mode"},"sceneLighting":false,"audioPlay":false,"sceneViewState":{"showFog":true,"showMaterialUpdate":false,"showSkybox":false,"showFlares":true,"showImageEffects":true,"showParticleSystems":true},"in2DMode":false,"pivot":{"x":-35.25562286376953,"y":2.584369421005249,"z":54.80918884277344},"rotation":{"x":0.37044572830200198,"y":0.5841846466064453,"z":-0.3395427465438843,"w":0.6373549103736877},"size":26.51657485961914,"orthographic":true}