{"cameraMode":{"drawMode":0,"name":"Shaded","section":"Shading Mode"},"sceneLighting":false,"audioPlay":false,"sceneViewState":{"showFog":true,"showMaterialUpdate":false,"showSkybox":false,"showFlares":true,"showImageEffects":true,"showParticleSystems":true},"in2DMode":false,"pivot":{"x":0.2650117874145508,"y":8.334056854248047,"z":0.47717761993408205},"rotation":{"x":0.26394611597061159,"y":-0.18662357330322267,"z":0.05213538557291031,"w":0.9448873996734619},"size":37.40486526489258,"orthographic":true}