{"cameraMode":{"drawMode":0,"name":"Shaded","section":"Shading Mode"},"sceneLighting":false,"audioPlay":false,"sceneViewState":{"showFog":true,"showMaterialUpdate":false,"showSkybox":false,"showFlares":true,"showImageEffects":true,"showParticleSystems":true},"in2DMode":false,"pivot":{"x":0.8835430145263672,"y":28.748863220214845,"z":1.558730125427246},"rotation":{"x":0.1036246046423912,"y":0.5614109039306641,"z":-0.07109957933425904,"w":0.8179724216461182},"size":48.9422607421875,"orthographic":true}