{"cameraMode":{"drawMode":0,"name":"Shaded","section":"Shading Mode"},"sceneLighting":false,"audioPlay":false,"sceneViewState":{"showFog":true,"showMaterialUpdate":false,"showSkybox":false,"showFlares":true,"showImageEffects":true,"showParticleSystems":true},"in2DMode":false,"pivot":{"x":111.9986572265625,"y":3.5217971801757814,"z":-183.48626708984376},"rotation":{"x":0.3366702198982239,"y":0.14967603981494904,"z":-0.05429498478770256,"w":0.9280708432197571},"size":87.15619659423828,"orthographic":true}