{"cameraMode":{"drawMode":0,"name":"Shaded","section":"Shading Mode"},"sceneLighting":false,"audioPlay":false,"sceneViewState":{"showFog":true,"showMaterialUpdate":false,"showSkybox":false,"showFlares":true,"showImageEffects":true,"showParticleSystems":true},"in2DMode":false,"pivot":{"x":-26.600000381469728,"y":0.8362395763397217,"z":63.20000076293945},"rotation":{"x":0.16661708056926728,"y":0.008874773979187012,"z":-0.0014985420275479556,"w":0.9860193729400635},"size":5.562365531921387,"orthographic":true}