{"cameraMode":{"drawMode":0,"name":"Shaded","section":"Shading Mode"},"sceneLighting":false,"audioPlay":false,"sceneViewState":{"showFog":true,"showMaterialUpdate":false,"showSkybox":false,"showFlares":true,"showImageEffects":true,"showParticleSystems":true},"in2DMode":false,"pivot":{"x":55.235286712646487,"y":2.297161102294922,"z":-106.8319320678711},"rotation":{"x":-0.355464905500412,"y":-0.6291295289993286,"z":0.39347043633461,"w":-0.5683735609054565},"size":8.78378677368164,"orthographic":true}