{"cameraMode":{"drawMode":0,"name":"Shaded","section":"Shading Mode"},"sceneLighting":false,"audioPlay":false,"sceneViewState":{"showFog":true,"showMaterialUpdate":false,"showSkybox":false,"showFlares":true,"showImageEffects":true,"showParticleSystems":true},"in2DMode":false,"pivot":{"x":5.960464477539063e-8,"y":0.5933037400245667,"z":-0.07251417636871338},"rotation":{"x":0.26045599579811098,"y":0.09827414900064469,"z":-0.026658104732632638,"w":0.9601225256919861},"size":3.206975221633911,"orthographic":true}