{"cameraMode":{"drawMode":0,"name":"Shaded","section":"Shading Mode"},"sceneLighting":false,"audioPlay":false,"sceneViewState":{"showFog":true,"showMaterialUpdate":false,"showSkybox":false,"showFlares":true,"showImageEffects":true,"showParticleSystems":true},"in2DMode":false,"pivot":{"x":129.46278381347657,"y":2.0352683067321779,"z":-53.33984375},"rotation":{"x":0.33181920647621157,"y":-0.03109392523765564,"z":0.011023157276213169,"w":0.9428516030311585},"size":17.228239059448243,"orthographic":true}