{"cameraMode":{"drawMode":0,"name":"Shaded","section":"Shading Mode"},"sceneLighting":false,"audioPlay":false,"sceneViewState":{"showFog":true,"showMaterialUpdate":false,"showSkybox":false,"showFlares":true,"showImageEffects":true,"showParticleSystems":true},"in2DMode":false,"pivot":{"x":-149.07347106933595,"y":6.247314929962158,"z":26.23027801513672},"rotation":{"x":0.20232577621936799,"y":0.5297751426696777,"z":-0.13183541595935822,"w":0.8130360841751099},"size":132.3864288330078,"orthographic":true}