{"cameraMode":{"drawMode":0,"name":"Shaded","section":"Shading Mode"},"sceneLighting":false,"audioPlay":false,"sceneViewState":{"showFog":true,"showMaterialUpdate":false,"showSkybox":false,"showFlares":true,"showImageEffects":true,"showParticleSystems":true},"in2DMode":false,"pivot":{"x":17.340221405029298,"y":1.6211163997650147,"z":-4.169107437133789},"rotation":{"x":0.32389575242996218,"y":0.029229940846562387,"z":-0.01000755000859499,"w":0.9456102252006531},"size":6.764651298522949,"orthographic":true}