{"cameraMode":{"drawMode":0,"name":"Shaded","section":"Shading Mode"},"sceneLighting":false,"audioPlay":false,"sceneViewState":{"showFog":true,"showMaterialUpdate":false,"showSkybox":false,"showFlares":true,"showImageEffects":true,"showParticleSystems":true},"in2DMode":false,"pivot":{"x":18.345083236694337,"y":17.999881744384767,"z":-0.4109886884689331},"rotation":{"x":0.1610022336244583,"y":0.0591786690056324,"z":-0.00967191532254219,"w":0.9851316809654236},"size":12.659676551818848,"orthographic":true}