{"cameraMode":{"drawMode":0,"name":"Shaded","section":"Shading Mode"},"sceneLighting":false,"audioPlay":false,"sceneViewState":{"showFog":true,"showMaterialUpdate":false,"showSkybox":false,"showFlares":true,"showImageEffects":true,"showParticleSystems":true},"in2DMode":false,"pivot":{"x":-36.734737396240237,"y":7.002513885498047,"z":157.78555297851563},"rotation":{"x":0.2973141372203827,"y":0.08153380453586579,"z":-0.025420112535357477,"w":0.9510050415992737},"size":32.54670715332031,"orthographic":true}