{"cameraMode":{"drawMode":0,"name":"Shaded","section":"Shading Mode"},"sceneLighting":false,"audioPlay":false,"sceneViewState":{"showFog":true,"showMaterialUpdate":false,"showSkybox":false,"showFlares":true,"showImageEffects":true,"showParticleSystems":true},"in2DMode":false,"pivot":{"x":94.02416229248047,"y":3.4503087997436525,"z":-26.8125057220459},"rotation":{"x":0.25935637950897219,"y":0.10696009546518326,"z":-0.02884618379175663,"w":0.9594573378562927},"size":21.315881729125978,"orthographic":true}