{"cameraMode":{"drawMode":0,"name":"Shaded","section":"Shading Mode"},"sceneLighting":false,"audioPlay":false,"sceneViewState":{"showFog":true,"showMaterialUpdate":false,"showSkybox":false,"showFlares":true,"showImageEffects":true,"showParticleSystems":true},"in2DMode":false,"pivot":{"x":-88.7920913696289,"y":14.481453895568848,"z":38.21725082397461},"rotation":{"x":0.24696475267410279,"y":0.6090494990348816,"z":-0.20759500563144685,"w":0.7245591878890991},"size":27.889314651489259,"orthographic":true}