{"cameraMode":{"drawMode":0,"name":"Shaded","section":"Shading Mode"},"sceneLighting":false,"audioPlay":false,"sceneViewState":{"showFog":true,"showMaterialUpdate":false,"showSkybox":false,"showFlares":true,"showImageEffects":true,"showParticleSystems":true},"in2DMode":false,"pivot":{"x":77.08000183105469,"y":1.0694706439971924,"z":-120.54000091552735},"rotation":{"x":0.16661708056926728,"y":0.008874773979187012,"z":-0.0014985420275479556,"w":0.9860193729400635},"size":4.660377025604248,"orthographic":true}