{"cameraMode":{"drawMode":0,"name":"Shaded","section":"Shading Mode"},"sceneLighting":false,"audioPlay":false,"sceneViewState":{"showFog":true,"showMaterialUpdate":false,"showSkybox":false,"showFlares":true,"showImageEffects":true,"showParticleSystems":true},"in2DMode":false,"pivot":{"x":0.0,"y":0.9520806074142456,"z":-0.0017738044261932374},"rotation":{"x":0.2545289099216461,"y":0.3557561933994293,"z":-0.10133243352174759,"w":0.8935467600822449},"size":4.06846809387207,"orthographic":true}