{"cameraMode":{"drawMode":0,"name":"Shaded","section":"Shading Mode"},"sceneLighting":false,"audioPlay":false,"sceneViewState":{"showFog":true,"showMaterialUpdate":false,"showSkybox":false,"showFlares":true,"showImageEffects":true,"showParticleSystems":true},"in2DMode":false,"pivot":{"x":-184.9000244140625,"y":10.5538330078125,"z":47.42338943481445},"rotation":{"x":0.1927690953016281,"y":0.4144156277179718,"z":-0.09028150141239166,"w":0.8848611116409302},"size":68.85639953613281,"orthographic":true}