{"cameraMode":{"drawMode":0,"name":"Shaded","section":"Shading Mode"},"sceneLighting":false,"audioPlay":false,"sceneViewState":{"showFog":true,"showMaterialUpdate":false,"showSkybox":false,"showFlares":true,"showImageEffects":true,"showParticleSystems":true},"in2DMode":false,"pivot":{"x":165.10000610351563,"y":5.9300432205200199,"z":-190.6999969482422},"rotation":{"x":0.28523385524749758,"y":0.15867309272289277,"z":-0.04790531471371651,"w":0.9440984725952148},"size":44.4316520690918,"orthographic":true}