{"cameraMode":{"drawMode":0,"name":"Shaded","section":"Shading Mode"},"sceneLighting":false,"audioPlay":false,"sceneViewState":{"showFog":true,"showMaterialUpdate":false,"showSkybox":false,"showFlares":true,"showImageEffects":true,"showParticleSystems":true},"in2DMode":false,"pivot":{"x":39.2846794128418,"y":1.5543849468231202,"z":-4.004296779632568},"rotation":{"x":0.3099445700645447,"y":0.49133726954460146,"z":-0.19254881143569947,"w":0.7908787131309509},"size":5.798420429229736,"orthographic":true}