{"cameraMode":{"drawMode":0,"name":"Shaded","section":"Shading Mode"},"sceneLighting":false,"audioPlay":false,"sceneViewState":{"showFog":true,"showMaterialUpdate":false,"showSkybox":false,"showFlares":true,"showImageEffects":true,"showParticleSystems":true},"in2DMode":false,"pivot":{"x":-96.93555450439453,"y":2.1619982719421388,"z":-124.80487060546875},"rotation":{"x":-0.4405575692653656,"y":-0.5181769132614136,"z":0.3563360273838043,"w":-0.6406666040420532},"size":8.659531593322754,"orthographic":true}