{"cameraMode":{"drawMode":0,"name":"Shaded","section":"Shading Mode"},"sceneLighting":false,"audioPlay":false,"sceneViewState":{"showFog":true,"showMaterialUpdate":false,"showSkybox":false,"showFlares":true,"showImageEffects":true,"showParticleSystems":true},"in2DMode":false,"pivot":{"x":137.8000030517578,"y":2.0324530601501467,"z":-190.99000549316407},"rotation":{"x":0.4631018042564392,"y":0.32910552620887759,"z":-0.19035997986793519,"w":0.8006361722946167},"size":9.411415100097657,"orthographic":true}