{"cameraMode":{"drawMode":0,"name":"Shaded","section":"Shading Mode"},"sceneLighting":false,"audioPlay":false,"sceneViewState":{"showFog":true,"showMaterialUpdate":false,"showSkybox":false,"showFlares":true,"showImageEffects":true,"showParticleSystems":true},"in2DMode":false,"pivot":{"x":151.60000610351563,"y":2.741666316986084,"z":-172.4600067138672},"rotation":{"x":0.33718010783195498,"y":0.29309362173080447,"z":-0.111324243247509,"w":0.8877086639404297},"size":18.928363800048829,"orthographic":true}